,RISK,COUNTY
0,1,AUTAUGA
1,0,BALDWIN
2,0,BARBOUR
3,0,BIBB
4,0,BLOUNT
5,0,BULLOCK
6,0,BUTLER
7,0,CALHOUN
8,0,CHAMBERS
9,0,CHEROKEE
10,0,CHILTON
11,0,CHOCTAW
12,0,CLARKE
13,0,CLAY
14,0,CLEBURNE
15,0,COFFEE
16,0,COLBERT
17,0,CONECUH
18,0,COOSA
19,0,COVINGTON
20,0,CRENSHAW
21,0,CULLMAN
22,0,DALE
23,0,DALLAS
24,0,DEKALB
25,0,ELMORE
26,0,ESCAMBIA
27,0,ETOWAH
28,0,FAYETTE
29,0,FRANKLIN
30,0,GENEVA
31,0,GREENE
32,0,HALE
33,0,HENRY
34,0,HOUSTON
35,0,JACKSON
36,0,JEFFERSON
37,0,LAMAR
38,0,LAUDERDALE
39,0,LAWRENCE
40,0,LEE
41,0,LIMESTONE
42,0,LOWNDES
43,0,MACON
44,0,MADISON
45,0,MARENGO
46,0,MARION
47,0,MARSHALL
48,0,MOBILE
49,0,MONROE
50,0,MONTGOMERY
51,0,MORGAN
52,0,PERRY
53,0,PICKENS
54,0,PIKE
55,0,RANDOLPH
56,0,RUSSELL
57,0,ST. CLAIR
58,0,SHELBY
59,0,SUMTER
60,0,TALLADEGA
61,0,TALLAPOOSA
62,0,TUSCALOOSA
63,0,WALKER
64,0,WASHINGTON
65,0,WILCOX
66,0,WINSTON
67,0,ALEUTIANS EAST
68,0,ALEUTIANS WEST
69,0,ANCHORAGE
70,0,BETHEL
71,0,BRISTOL BAY
72,0,CHUGACH
73,0,COPPER RIVER
74,0,DENALI
75,0,DILLINGHAM
76,0,FAIRBANKS NORTH STAR
77,0,HAINES
78,0,HOONAH-ANGOON
79,0,JUNEAU
80,0,KENAI PENINSULA
81,0,KETCHIKAN GATEWAY
82,0,KODIAK ISLAND
83,0,KUSILVAK
84,0,LAKE AND PENINSULA
85,0,MATANUSKA-SUSITNA
86,0,NOME
87,0,NORTH SLOPE
88,0,NORTHWEST ARCTIC
89,0,PETERSBURG
90,0,PRINCE OF WALES-HYDER
91,0,SITKA
92,0,SKAGWAY
93,0,SOUTHEAST FAIRBANKS
94,0,WRANGELL
95,0,YAKUTAT
96,0,YUKON-KOYUKUK
97,0,APACHE
98,0,COCHISE
99,0,COCONINO
100,0,GILA
101,0,GRAHAM
102,0,GREENLEE
103,0,LA PAZ
104,0,MARICOPA
105,0,MOHAVE
106,0,NAVAJO
107,0,PIMA
108,0,PINAL
109,0,SANTA CRUZ
110,0,YAVAPAI
111,0,YUMA
112,0,ARKANSAS
113,0,ASHLEY
114,0,BAXTER
115,0,BENTON
116,0,BOONE
117,0,BRADLEY
118,0,CALHOUN
119,0,CARROLL
120,0,CHICOT
121,0,CLARK
122,0,CLAY
123,0,CLEBURNE
124,0,CLEVELAND
125,0,COLUMBIA
126,0,CONWAY
127,0,CRAIGHEAD
128,0,CRAWFORD
129,0,CRITTENDEN
130,0,CROSS
131,0,DALLAS
132,0,DESHA
133,0,DREW
134,0,FAULKNER
135,0,FRANKLIN
136,0,FULTON
137,0,GARLAND
138,0,GRANT
139,0,GREENE
140,0,HEMPSTEAD
141,0,HOT SPRING
142,0,HOWARD
143,0,INDEPENDENCE
144,0,IZARD
145,0,JACKSON
146,0,JEFFERSON
147,0,JOHNSON
148,0,LAFAYETTE
149,0,LAWRENCE
150,0,LEE
151,0,LINCOLN
152,0,LITTLE RIVER
153,0,LOGAN
154,0,LONOKE
155,0,MADISON
156,0,MARION
157,0,MILLER
158,0,MISSISSIPPI
159,0,MONROE
160,0,MONTGOMERY
161,0,NEVADA
162,0,NEWTON
163,0,OUACHITA
164,0,PERRY
165,0,PHILLIPS
166,0,PIKE
167,0,POINSETT
168,0,POLK
169,0,POPE
170,0,PRAIRIE
171,0,PULASKI
172,0,RANDOLPH
173,0,ST. FRANCIS
174,0,SALINE
175,0,SCOTT
176,0,SEARCY
177,0,SEBASTIAN
178,0,SEVIER
179,0,SHARP
180,0,STONE
181,0,UNION
182,0,VAN BUREN
183,0,WASHINGTON
184,0,WHITE
185,0,WOODRUFF
186,0,YELL
187,0,ALAMEDA
188,0,ALPINE
189,0,AMADOR
190,0,BUTTE
191,0,CALAVERAS
192,0,COLUSA
193,0,CONTRA COSTA
194,0,DEL NORTE
195,0,EL DORADO
196,0,FRESNO
197,0,GLENN
198,0,HUMBOLDT
199,0,IMPERIAL
200,0,INYO
201,0,KERN
202,0,KINGS
203,0,LAKE
204,0,LASSEN
205,0,LOS ANGELES
206,0,MADERA
207,0,MARIN
208,0,MARIPOSA
209,0,MENDOCINO
210,0,MERCED
211,0,MODOC
212,0,MONO
213,0,MONTEREY
214,0,NAPA
215,0,NEVADA
216,0,ORANGE
217,0,PLACER
218,0,PLUMAS
219,0,RIVERSIDE
220,0,SACRAMENTO
221,0,SAN BENITO
222,0,SAN BERNARDINO
223,0,SAN DIEGO
224,0,SAN FRANCISCO
225,0,SAN JOAQUIN
226,0,SAN LUIS OBISPO
227,0,SAN MATEO
228,0,SANTA BARBARA
229,0,SANTA CLARA
230,0,SANTA CRUZ
231,0,SHASTA
232,0,SIERRA
233,0,SISKIYOU
234,0,SOLANO
235,0,SONOMA
236,0,STANISLAUS
237,0,SUTTER
238,0,TEHAMA
239,0,TRINITY
240,0,TULARE
241,0,TUOLUMNE
242,0,VENTURA
243,0,YOLO
244,0,YUBA
245,0,ADAMS
246,0,ALAMOSA
247,0,ARAPAHOE
248,0,ARCHULETA
249,0,BACA
250,0,BENT
251,0,BOULDER
252,0,BROOMFIELD
253,0,CHAFFEE
254,0,CHEYENNE
255,0,CLEAR CREEK
256,0,CONEJOS
257,0,COSTILLA
258,0,CROWLEY
259,0,CUSTER
260,0,DELTA
261,0,DENVER
262,0,DOLORES
263,0,DOUGLAS
264,0,EAGLE
265,0,ELBERT
266,0,EL PASO
267,0,FREMONT
268,0,GARFIELD
269,0,GILPIN
270,0,GRAND
271,0,GUNNISON
272,0,HINSDALE
273,0,HUERFANO
274,0,JACKSON
275,0,JEFFERSON
276,0,KIOWA
277,0,KIT CARSON
278,0,LAKE
279,0,LA PLATA
280,0,LARIMER
281,0,LAS ANIMAS
282,0,LINCOLN
283,0,LOGAN
284,0,MESA
285,0,MINERAL
286,0,MOFFAT
287,0,MONTEZUMA
288,0,MONTROSE
289,0,MORGAN
290,0,OTERO
291,0,OURAY
292,0,PARK
293,0,PHILLIPS
294,0,PITKIN
295,0,PROWERS
296,0,PUEBLO
297,0,RIO BLANCO
298,0,RIO GRANDE
299,0,ROUTT
300,0,SAGUACHE
301,0,SAN JUAN
302,0,SAN MIGUEL
303,0,SEDGWICK
304,0,SUMMIT
305,0,TELLER
306,0,WASHINGTON
307,0,WELD
308,0,YUMA
309,0,FAIRFIELD
310,0,HARTFORD
311,0,LITCHFIELD
312,0,MIDDLESEX
313,0,NEW HAVEN
314,0,NEW LONDON
315,0,TOLLAND
316,0,WINDHAM
317,0,KENT
318,0,NEW CASTLE
319,0,SUSSEX
320,0,DISTRICT OF COLUMBIA
321,0,ALACHUA
322,0,BAKER
323,0,BAY
324,0,BRADFORD
325,0,BREVARD
326,0,BROWARD
327,0,CALHOUN
328,0,CHARLOTTE
329,0,CITRUS
330,0,CLAY
331,0,COLLIER
332,0,COLUMBIA
333,0,DESOTO
334,0,DIXIE
335,0,DUVAL
336,0,ESCAMBIA
337,0,FLAGLER
338,0,FRANKLIN
339,0,GADSDEN
340,0,GILCHRIST
341,0,GLADES
342,0,GULF
343,0,HAMILTON
344,0,HARDEE
345,0,HENDRY
346,0,HERNANDO
347,0,HIGHLANDS
348,0,HILLSBOROUGH
349,0,HOLMES
350,0,INDIAN RIVER
351,0,JACKSON
352,0,JEFFERSON
353,0,LAFAYETTE
354,0,LAKE
355,0,LEE
356,0,LEON
357,0,LEVY
358,0,LIBERTY
359,0,MADISON
360,0,MANATEE
361,0,MARION
362,0,MARTIN
363,0,MIAMI-DADE
364,0,MONROE
365,0,NASSAU
366,0,OKALOOSA
367,0,OKEECHOBEE
368,0,ORANGE
369,0,OSCEOLA
370,0,PALM BEACH
371,0,PASCO
372,0,PINELLAS
373,0,POLK
374,0,PUTNAM
375,0,ST. JOHNS
376,0,ST. LUCIE
377,0,SANTA ROSA
378,0,SARASOTA
379,0,SEMINOLE
380,0,SUMTER
381,0,SUWANNEE
382,0,TAYLOR
383,0,UNION
384,0,VOLUSIA
385,0,WAKULLA
386,0,WALTON
387,0,WASHINGTON
388,0,APPLING
389,0,ATKINSON
390,0,BACON
391,0,BAKER
392,0,BALDWIN
393,0,BANKS
394,0,BARROW
395,0,BARTOW
396,0,BEN HILL
397,0,BERRIEN
398,0,BIBB
399,0,BLECKLEY
400,0,BRANTLEY
401,0,BROOKS
402,0,BRYAN
403,0,BULLOCH
404,0,BURKE
405,0,BUTTS
406,0,CALHOUN
407,0,CAMDEN
408,0,CANDLER
409,0,CARROLL
410,0,CATOOSA
411,0,CHARLTON
412,0,CHATHAM
413,0,CHATTAHOOCHEE
414,0,CHATTOOGA
415,0,CHEROKEE
416,0,CLARKE
417,0,CLAY
418,0,CLAYTON
419,0,CLINCH
420,0,COBB
421,0,COFFEE
422,0,COLQUITT
423,0,COLUMBIA
424,0,COOK
425,0,COWETA
426,0,CRAWFORD
427,0,CRISP
428,0,DADE
429,0,DAWSON
430,0,DECATUR
431,0,DEKALB
432,0,DODGE
433,0,DOOLY
434,0,DOUGHERTY
435,0,DOUGLAS
436,0,EARLY
437,0,ECHOLS
438,0,EFFINGHAM
439,0,ELBERT
440,0,EMANUEL
441,0,EVANS
442,0,FANNIN
443,0,FAYETTE
444,0,FLOYD
445,0,FORSYTH
446,0,FRANKLIN
447,0,FULTON
448,0,GILMER
449,0,GLASCOCK
450,0,GLYNN
451,0,GORDON
452,0,GRADY
453,0,GREENE
454,0,GWINNETT
455,0,HABERSHAM
456,0,HALL
457,0,HANCOCK
458,0,HARALSON
459,0,HARRIS
460,0,HART
461,0,HEARD
462,0,HENRY
463,0,HOUSTON
464,0,IRWIN
465,0,JACKSON
466,0,JASPER
467,0,JEFF DAVIS
468,0,JEFFERSON
469,0,JENKINS
470,0,JOHNSON
471,0,JONES
472,0,LAMAR
473,0,LANIER
474,0,LAURENS
475,0,LEE
476,0,LIBERTY
477,0,LINCOLN
478,0,LONG
479,0,LOWNDES
480,0,LUMPKIN
481,0,MCDUFFIE
482,0,MCINTOSH
483,0,MACON
484,0,MADISON
485,0,MARION
486,0,MERIWETHER
487,0,MILLER
488,0,MITCHELL
489,0,MONROE
490,0,MONTGOMERY
491,0,MORGAN
492,0,MURRAY
493,0,MUSCOGEE
494,0,NEWTON
495,0,OCONEE
496,0,OGLETHORPE
497,0,PAULDING
498,0,PEACH
499,0,PICKENS
500,0,PIERCE
501,0,PIKE
502,0,POLK
503,0,PULASKI
504,0,PUTNAM
505,0,QUITMAN
506,0,RABUN
507,0,RANDOLPH
508,0,RICHMOND
509,0,ROCKDALE
510,0,SCHLEY
511,0,SCREVEN
512,0,SEMINOLE
513,0,SPALDING
514,0,STEPHENS
515,0,STEWART
516,0,SUMTER
517,0,TALBOT
518,0,TALIAFERRO
519,0,TATTNALL
520,0,TAYLOR
521,0,TELFAIR
522,0,TERRELL
523,0,THOMAS
524,0,TIFT
525,0,TOOMBS
526,0,TOWNS
527,0,TREUTLEN
528,0,TROUP
529,0,TURNER
530,0,TWIGGS
531,0,UNION
532,0,UPSON
533,0,WALKER
534,0,WALTON
535,0,WARE
536,0,WARREN
537,0,WASHINGTON
538,0,WAYNE
539,0,WEBSTER
540,0,WHEELER
541,0,WHITE
542,0,WHITFIELD
543,0,WILCOX
544,0,WILKES
545,0,WILKINSON
546,0,WORTH
547,0,HAWAII
548,0,HONOLULU
549,0,KALAWAO
550,0,KAUAI
551,0,MAUI
552,0,ADA
553,0,ADAMS
554,0,BANNOCK
555,0,BEAR LAKE
556,0,BENEWAH
557,0,BINGHAM
558,0,BLAINE
559,0,BOISE
560,0,BONNER
561,0,BONNEVILLE
562,0,BOUNDARY
563,0,BUTTE
564,0,CAMAS
565,0,CANYON
566,0,CARIBOU
567,0,CASSIA
568,0,CLARK
569,0,CLEARWATER
570,0,CUSTER
571,0,ELMORE
572,0,FRANKLIN
573,0,FREMONT
574,0,GEM
575,0,GOODING
576,0,IDAHO
577,0,JEFFERSON
578,0,JEROME
579,0,KOOTENAI
580,0,LATAH
581,0,LEMHI
582,0,LEWIS
583,0,LINCOLN
584,0,MADISON
585,0,MINIDOKA
586,0,NEZ PERCE
587,0,ONEIDA
588,0,OWYHEE
589,0,PAYETTE
590,0,POWER
591,0,SHOSHONE
592,0,TETON
593,0,TWIN FALLS
594,0,VALLEY
595,0,WASHINGTON
596,0,ADAMS
597,0,ALEXANDER
598,0,BOND
599,0,BOONE
600,0,BROWN
601,0,BUREAU
602,0,CALHOUN
603,0,CARROLL
604,0,CASS
605,0,CHAMPAIGN
606,0,CHRISTIAN
607,0,CLARK
608,0,CLAY
609,0,CLINTON
610,0,COLES
611,0,COOK
612,0,CRAWFORD
613,0,CUMBERLAND
614,0,DEKALB
615,0,DE WITT
616,0,DOUGLAS
617,0,DUPAGE
618,0,EDGAR
619,0,EDWARDS
620,0,EFFINGHAM
621,0,FAYETTE
622,0,FORD
623,0,FRANKLIN
624,0,FULTON
625,0,GALLATIN
626,0,GREENE
627,0,GRUNDY
628,0,HAMILTON
629,0,HANCOCK
630,0,HARDIN
631,0,HENDERSON
632,0,HENRY
633,0,IROQUOIS
634,0,JACKSON
635,0,JASPER
636,0,JEFFERSON
637,0,JERSEY
638,0,JO DAVIESS
639,0,JOHNSON
640,0,KANE
641,0,KANKAKEE
642,0,KENDALL
643,0,KNOX
644,0,LAKE
645,0,LASALLE
646,0,LAWRENCE
647,0,LEE
648,1,LIVINGSTON
649,1,LOGAN
650,1,MCDONOUGH
651,1,MCHENRY
652,1,MCLEAN
653,1,MACON
654,1,MACOUPIN
655,1,MADISON
656,1,MARION
657,1,MARSHALL
658,1,MASON
659,1,MASSAC
660,1,MENARD
661,1,MERCER
662,1,MONROE
663,1,MONTGOMERY
664,1,MORGAN
665,1,MOULTRIE
666,1,OGLE
667,1,PEORIA
668,1,PERRY
669,1,PIATT
670,1,PIKE
671,1,POPE
672,1,PULASKI
673,1,PUTNAM
674,1,RANDOLPH
675,1,RICHLAND
676,1,ROCK ISLAND
677,1,ST. CLAIR
678,1,SALINE
679,1,SANGAMON
680,1,SCHUYLER
681,1,SCOTT
682,1,SHELBY
683,1,STARK
684,1,STEPHENSON
685,1,TAZEWELL
686,1,UNION
687,1,VERMILION
688,1,WABASH
689,1,WARREN
690,1,WASHINGTON
691,1,WAYNE
692,1,WHITE
693,1,WHITESIDE
694,1,WILL
695,1,WILLIAMSON
696,1,WINNEBAGO
697,1,WOODFORD
698,1,ADAMS
699,1,ALLEN
700,1,BARTHOLOMEW
701,1,BENTON
702,1,BLACKFORD
703,1,BOONE
704,1,BROWN
705,1,CARROLL
706,1,CASS
707,1,CLARK
708,1,CLAY
709,1,CLINTON
710,1,CRAWFORD
711,1,DAVIESS
712,1,DEARBORN
713,1,DECATUR
714,1,DEKALB
715,1,DELAWARE
716,1,DUBOIS
717,1,ELKHART
718,1,FAYETTE
719,1,FLOYD
720,1,FOUNTAIN
721,1,FRANKLIN
722,1,FULTON
723,1,GIBSON
724,1,GRANT
725,1,GREENE
726,1,HAMILTON
727,1,HANCOCK
728,1,HARRISON
729,1,HENDRICKS
730,1,HENRY
731,1,HOWARD
732,1,HUNTINGTON
733,1,JACKSON
734,1,JASPER
735,1,JAY
736,1,JEFFERSON
737,1,JENNINGS
738,1,JOHNSON
739,1,KNOX
740,1,KOSCIUSKO
741,1,LAGRANGE
742,1,LAKE
743,1,LAPORTE
744,1,LAWRENCE
745,1,MADISON
746,1,MARION
747,1,MARSHALL
748,1,MARTIN
749,1,MIAMI
750,1,MONROE
751,1,MONTGOMERY
752,1,MORGAN
753,1,NEWTON
754,1,NOBLE
755,1,OHIO
756,1,ORANGE
757,1,OWEN
758,1,PARKE
759,1,PERRY
760,1,PIKE
761,1,PORTER
762,1,POSEY
763,1,PULASKI
764,1,PUTNAM
765,1,RANDOLPH
766,1,RIPLEY
767,1,RUSH
768,1,ST. JOSEPH
769,1,SCOTT
770,1,SHELBY
771,1,SPENCER
772,1,STARKE
773,1,STEUBEN
774,1,SULLIVAN
775,1,SWITZERLAND
776,1,TIPPECANOE
777,1,TIPTON
778,1,UNION
779,1,VANDERBURGH
780,1,VERMILLION
781,1,VIGO
782,1,WABASH
783,1,WARREN
784,1,WARRICK
785,1,WASHINGTON
786,1,WAYNE
787,1,WELLS
788,1,WHITE
789,1,WHITLEY
790,1,ADAIR
791,1,ADAMS
792,1,ALLAMAKEE
793,1,APPANOOSE
794,1,AUDUBON
795,1,BENTON
796,1,BLACK HAWK
797,1,BOONE
798,1,BREMER
799,1,BUCHANAN
800,1,BUENA VISTA
801,1,BUTLER
802,1,CALHOUN
803,1,CARROLL
804,1,CASS
805,1,CEDAR
806,1,CERRO GORDO
807,1,CHEROKEE
808,1,CHICKASAW
809,1,CLARKE
810,1,CLAY
811,1,CLAYTON
812,1,CLINTON
813,1,CRAWFORD
814,1,DALLAS
815,1,DAVIS
816,1,DECATUR
817,1,DELAWARE
818,1,DES MOINES
819,1,DICKINSON
820,1,DUBUQUE
821,1,EMMET
822,1,FAYETTE
823,1,FLOYD
824,1,FRANKLIN
825,1,FREMONT
826,1,GREENE
827,1,GRUNDY
828,1,GUTHRIE
829,1,HAMILTON
830,1,HANCOCK
831,1,HARDIN
832,1,HARRISON
833,1,HENRY
834,1,HOWARD
835,1,HUMBOLDT
836,1,IDA
837,1,IOWA
838,1,JACKSON
839,1,JASPER
840,1,JEFFERSON
841,1,JOHNSON
842,1,JONES
843,1,KEOKUK
844,1,KOSSUTH
845,1,LEE
846,1,LINN
847,1,LOUISA
848,1,LUCAS
849,1,LYON
850,1,MADISON
851,1,MAHASKA
852,1,MARION
853,1,MARSHALL
854,1,MILLS
855,1,MITCHELL
856,1,MONONA
857,1,MONROE
858,1,MONTGOMERY
859,1,MUSCATINE
860,1,O'BRIEN
861,1,OSCEOLA
862,1,PAGE
863,1,PALO ALTO
864,1,PLYMOUTH
865,1,POCAHONTAS
866,1,POLK
867,1,POTTAWATTAMIE
868,1,POWESHIEK
869,1,RINGGOLD
870,1,SAC
871,1,SCOTT
872,1,SHELBY
873,1,SIOUX
874,1,STORY
875,1,TAMA
876,1,TAYLOR
877,1,UNION
878,1,VAN BUREN
879,1,WAPELLO
880,1,WARREN
881,1,WASHINGTON
882,1,WAYNE
883,1,WEBSTER
884,1,WINNEBAGO
885,1,WINNESHIEK
886,1,WOODBURY
887,1,WORTH
888,1,WRIGHT
889,1,ALLEN
890,1,ANDERSON
891,1,ATCHISON
892,1,BARBER
893,1,BARTON
894,1,BOURBON
895,1,BROWN
896,1,BUTLER
897,1,CHASE
898,1,CHAUTAUQUA
899,1,CHEROKEE
900,1,CHEYENNE
901,1,CLARK
902,1,CLAY
903,1,CLOUD
904,1,COFFEY
905,1,COMANCHE
906,1,COWLEY
907,1,CRAWFORD
908,1,DECATUR
909,1,DICKINSON
910,1,DONIPHAN
911,1,DOUGLAS
912,1,EDWARDS
913,1,ELK
914,1,ELLIS
915,1,ELLSWORTH
916,1,FINNEY
917,1,FORD
918,1,FRANKLIN
919,1,GEARY
920,1,GOVE
921,1,GRAHAM
922,1,GRANT
923,1,GRAY
924,1,GREELEY
925,1,GREENWOOD
926,1,HAMILTON
927,1,HARPER
928,1,HARVEY
929,1,HASKELL
930,1,HODGEMAN
931,1,JACKSON
932,1,JEFFERSON
933,1,JEWELL
934,1,JOHNSON
935,1,KEARNY
936,1,KINGMAN
937,1,KIOWA
938,1,LABETTE
939,1,LANE
940,1,LEAVENWORTH
941,1,LINCOLN
942,1,LINN
943,1,LOGAN
944,1,LYON
945,1,MCPHERSON
946,1,MARION
947,1,MARSHALL
948,1,MEADE
949,1,MIAMI
950,1,MITCHELL
951,1,MONTGOMERY
952,1,MORRIS
953,1,MORTON
954,1,NEMAHA
955,1,NEOSHO
956,1,NESS
957,1,NORTON
958,1,OSAGE
959,1,OSBORNE
960,1,OTTAWA
961,1,PAWNEE
962,1,PHILLIPS
963,1,POTTAWATOMIE
964,1,PRATT
965,1,RAWLINS
966,1,RENO
967,1,REPUBLIC
968,1,RICE
969,1,RILEY
970,1,ROOKS
971,1,RUSH
972,1,RUSSELL
973,1,SALINE
974,1,SCOTT
975,1,SEDGWICK
976,1,SEWARD
977,1,SHAWNEE
978,1,SHERIDAN
979,1,SHERMAN
980,1,SMITH
981,1,STAFFORD
982,1,STANTON
983,1,STEVENS
984,1,SUMNER
985,1,THOMAS
986,1,TREGO
987,1,WABAUNSEE
988,1,WALLACE
989,1,WASHINGTON
990,1,WICHITA
991,1,WILSON
992,1,WOODSON
993,1,WYANDOTTE
994,1,ADAIR
995,1,ALLEN
996,1,ANDERSON
997,1,BALLARD
998,1,BARREN
999,1,BATH
1000,1,BELL
1001,1,BOONE
1002,1,BOURBON
1003,1,BOYD
1004,1,BOYLE
1005,1,BRACKEN
1006,1,BREATHITT
1007,1,BRECKINRIDGE
1008,1,BULLITT
1009,1,BUTLER
1010,1,CALDWELL
1011,1,CALLOWAY
1012,1,CAMPBELL
1013,1,CARLISLE
1014,1,CARROLL
1015,1,CARTER
1016,1,CASEY
1017,1,CHRISTIAN
1018,1,CLARK
1019,1,CLAY
1020,1,CLINTON
1021,1,CRITTENDEN
1022,1,CUMBERLAND
1023,1,DAVIESS
1024,1,EDMONSON
1025,1,ELLIOTT
1026,1,ESTILL
1027,1,FAYETTE
1028,1,FLEMING
1029,1,FLOYD
1030,1,FRANKLIN
1031,1,FULTON
1032,1,GALLATIN
1033,1,GARRARD
1034,1,GRANT
1035,1,GRAVES
1036,1,GRAYSON
1037,1,GREEN
1038,1,GREENUP
1039,1,HANCOCK
1040,1,HARDIN
1041,1,HARLAN
1042,1,HARRISON
1043,1,HART
1044,1,HENDERSON
1045,1,HENRY
1046,1,HICKMAN
1047,1,HOPKINS
1048,1,JACKSON
1049,1,JEFFERSON
1050,1,JESSAMINE
1051,1,JOHNSON
1052,1,KENTON
1053,1,KNOTT
1054,1,KNOX
1055,1,LARUE
1056,1,LAUREL
1057,1,LAWRENCE
1058,1,LEE
1059,1,LESLIE
1060,1,LETCHER
1061,1,LEWIS
1062,1,LINCOLN
1063,1,LIVINGSTON
1064,1,LOGAN
1065,1,LYON
1066,1,MCCRACKEN
1067,1,MCCREARY
1068,1,MCLEAN
1069,1,MADISON
1070,1,MAGOFFIN
1071,1,MARION
1072,1,MARSHALL
1073,1,MARTIN
1074,1,MASON
1075,1,MEADE
1076,1,MENIFEE
1077,1,MERCER
1078,1,METCALFE
1079,1,MONROE
1080,1,MONTGOMERY
1081,1,MORGAN
1082,1,MUHLENBERG
1083,1,NELSON
1084,1,NICHOLAS
1085,1,OHIO
1086,1,OLDHAM
1087,1,OWEN
1088,1,OWSLEY
1089,1,PENDLETON
1090,1,PERRY
1091,1,PIKE
1092,1,POWELL
1093,1,PULASKI
1094,1,ROBERTSON
1095,1,ROCKCASTLE
1096,1,ROWAN
1097,1,RUSSELL
1098,1,SCOTT
1099,1,SHELBY
1100,1,SIMPSON
1101,1,SPENCER
1102,1,TAYLOR
1103,1,TODD
1104,1,TRIGG
1105,1,TRIMBLE
1106,1,UNION
1107,1,WARREN
1108,1,WASHINGTON
1109,1,WAYNE
1110,1,WEBSTER
1111,1,WHITLEY
1112,1,WOLFE
1113,1,WOODFORD
1114,1,ACADIA
1115,1,ALLEN
1116,1,ASCENSION
1117,1,ASSUMPTION
1118,1,AVOYELLES
1119,1,BEAUREGARD
1120,1,BIENVILLE
1121,1,BOSSIER
1122,1,CADDO
1123,1,CALCASIEU
1124,1,CALDWELL
1125,1,CAMERON
1126,1,CATAHOULA
1127,1,CLAIBORNE
1128,1,CONCORDIA
1129,1,DE SOTO
1130,1,EAST BATON ROUGE
1131,1,EAST CARROLL
1132,1,EAST FELICIANA
1133,1,EVANGELINE
1134,1,FRANKLIN
1135,1,GRANT
1136,1,IBERIA
1137,1,IBERVILLE
1138,1,JACKSON
1139,1,JEFFERSON
1140,1,JEFFERSON DAVIS
1141,1,LAFAYETTE
1142,1,LAFOURCHE
1143,1,LASALLE
1144,1,LINCOLN
1145,1,LIVINGSTON
1146,1,MADISON
1147,1,MOREHOUSE
1148,1,NATCHITOCHES
1149,1,ORLEANS
1150,1,OUACHITA
1151,1,PLAQUEMINES
1152,1,POINTE COUPEE
1153,1,RAPIDES
1154,1,RED RIVER
1155,1,RICHLAND
1156,1,SABINE
1157,1,ST. BERNARD
1158,1,ST. CHARLES
1159,1,ST. HELENA
1160,1,ST. JAMES
1161,1,ST. JOHN THE BAPTIST
1162,1,ST. LANDRY
1163,1,ST. MARTIN
1164,1,ST. MARY
1165,1,ST. TAMMANY
1166,1,TANGIPAHOA
1167,1,TENSAS
1168,1,TERREBONNE
1169,1,UNION
1170,1,VERMILION
1171,1,VERNON
1172,1,WASHINGTON
1173,1,WEBSTER
1174,1,WEST BATON ROUGE
1175,1,WEST CARROLL
1176,1,WEST FELICIANA
1177,1,WINN
1178,1,ANDROSCOGGIN
1179,1,AROOSTOOK
1180,1,CUMBERLAND
1181,1,FRANKLIN
1182,1,HANCOCK
1183,1,KENNEBEC
1184,1,KNOX
1185,1,LINCOLN
1186,1,OXFORD
1187,1,PENOBSCOT
1188,1,PISCATAQUIS
1189,1,SAGADAHOC
1190,1,SOMERSET
1191,1,WALDO
1192,1,WASHINGTON
1193,1,YORK
1194,1,ALLEGANY
1195,1,ANNE ARUNDEL
1196,1,BALTIMORE
1197,1,CALVERT
1198,1,CAROLINE
1199,1,CARROLL
1200,1,CECIL
1201,1,CHARLES
1202,1,DORCHESTER
1203,1,FREDERICK
1204,1,GARRETT
1205,1,HARFORD
1206,1,HOWARD
1207,1,KENT
1208,1,MONTGOMERY
1209,1,PRINCE GEORGE'S
1210,1,QUEEN ANNE'S
1211,1,ST. MARY'S
1212,1,SOMERSET
1213,1,TALBOT
1214,1,WASHINGTON
1215,1,WICOMICO
1216,1,WORCESTER
1217,1,BALTIMORE
1218,1,BARNSTABLE
1219,1,BERKSHIRE
1220,1,BRISTOL
1221,1,DUKES
1222,1,ESSEX
1223,1,FRANKLIN
1224,1,HAMPDEN
1225,1,HAMPSHIRE
1226,1,MIDDLESEX
1227,1,NANTUCKET
1228,1,NORFOLK
1229,1,PLYMOUTH
1230,1,SUFFOLK
1231,1,WORCESTER
1232,1,ALCONA
1233,1,ALGER
1234,1,ALLEGAN
1235,1,ALPENA
1236,1,ANTRIM
1237,1,ARENAC
1238,1,BARAGA
1239,1,BARRY
1240,1,BAY
1241,1,BENZIE
1242,1,BERRIEN
1243,1,BRANCH
1244,1,CALHOUN
1245,1,CASS
1246,1,CHARLEVOIX
1247,1,CHEBOYGAN
1248,1,CHIPPEWA
1249,1,CLARE
1250,1,CLINTON
1251,1,CRAWFORD
1252,1,DELTA
1253,1,DICKINSON
1254,1,EATON
1255,1,EMMET
1256,1,GENESEE
1257,1,GLADWIN
1258,1,GOGEBIC
1259,1,GRAND TRAVERSE
1260,1,GRATIOT
1261,1,HILLSDALE
1262,1,HOUGHTON
1263,1,HURON
1264,1,INGHAM
1265,1,IONIA
1266,1,IOSCO
1267,1,IRON
1268,1,ISABELLA
1269,1,JACKSON
1270,1,KALAMAZOO
1271,1,KALKASKA
1272,1,KENT
1273,1,KEWEENAW
1274,1,LAKE
1275,1,LAPEER
1276,1,LEELANAU
1277,1,LENAWEE
1278,1,LIVINGSTON
1279,1,LUCE
1280,1,MACKINAC
1281,1,MACOMB
1282,1,MANISTEE
1283,1,MARQUETTE
1284,1,MASON
1285,1,MECOSTA
1286,1,MENOMINEE
1287,1,MIDLAND
1288,1,MISSAUKEE
1289,1,MONROE
1290,1,MONTCALM
1291,1,MONTMORENCY
1292,1,MUSKEGON
1293,2,NEWAYGO
1294,2,OAKLAND
1295,2,OCEANA
1296,2,OGEMAW
1297,2,ONTONAGON
1298,2,OSCEOLA
1299,2,OSCODA
1300,2,OTSEGO
1301,2,OTTAWA
1302,2,PRESQUE ISLE
1303,2,ROSCOMMON
1304,2,SAGINAW
1305,2,ST. CLAIR
1306,2,ST. JOSEPH
1307,2,SANILAC
1308,2,SCHOOLCRAFT
1309,2,SHIAWASSEE
1310,2,TUSCOLA
1311,2,VAN BUREN
1312,2,WASHTENAW
1313,2,WAYNE
1314,2,WEXFORD
1315,2,AITKIN
1316,2,ANOKA
1317,2,BECKER
1318,2,BELTRAMI
1319,2,BENTON
1320,2,BIG STONE
1321,2,BLUE EARTH
1322,2,BROWN
1323,2,CARLTON
1324,2,CARVER
1325,2,CASS
1326,2,CHIPPEWA
1327,2,CHISAGO
1328,2,CLAY
1329,2,CLEARWATER
1330,2,COOK
1331,2,COTTONWOOD
1332,2,CROW WING
1333,2,DAKOTA
1334,2,DODGE
1335,2,DOUGLAS
1336,2,FARIBAULT
1337,2,FILLMORE
1338,2,FREEBORN
1339,2,GOODHUE
1340,2,GRANT
1341,2,HENNEPIN
1342,2,HOUSTON
1343,2,HUBBARD
1344,2,ISANTI
1345,2,ITASCA
1346,2,JACKSON
1347,2,KANABEC
1348,2,KANDIYOHI
1349,2,KITTSON
1350,2,KOOCHICHING
1351,2,LAC QUI PARLE
1352,2,LAKE
1353,2,LAKE OF THE WOODS
1354,2,LE SUEUR
1355,2,LINCOLN
1356,2,LYON
1357,2,MCLEOD
1358,2,MAHNOMEN
1359,2,MARSHALL
1360,2,MARTIN
1361,2,MEEKER
1362,2,MILLE LACS
1363,2,MORRISON
1364,2,MOWER
1365,2,MURRAY
1366,2,NICOLLET
1367,2,NOBLES
1368,2,NORMAN
1369,2,OLMSTED
1370,2,OTTER TAIL
1371,2,PENNINGTON
1372,2,PINE
1373,2,PIPESTONE
1374,2,POLK
1375,2,POPE
1376,2,RAMSEY
1377,2,RED LAKE
1378,2,REDWOOD
1379,2,RENVILLE
1380,2,RICE
1381,2,ROCK
1382,2,ROSEAU
1383,2,ST. LOUIS
1384,2,SCOTT
1385,2,SHERBURNE
1386,2,SIBLEY
1387,2,STEARNS
1388,2,STEELE
1389,2,STEVENS
1390,2,SWIFT
1391,2,TODD
1392,2,TRAVERSE
1393,2,WABASHA
1394,2,WADENA
1395,2,WASECA
1396,2,WASHINGTON
1397,2,WATONWAN
1398,2,WILKIN
1399,2,WINONA
1400,2,WRIGHT
1401,2,YELLOW MEDICINE
1402,2,ADAMS
1403,2,ALCORN
1404,2,AMITE
1405,2,ATTALA
1406,2,BENTON
1407,2,BOLIVAR
1408,2,CALHOUN
1409,2,CARROLL
1410,2,CHICKASAW
1411,2,CHOCTAW
1412,2,CLAIBORNE
1413,2,CLARKE
1414,2,CLAY
1415,2,COAHOMA
1416,2,COPIAH
1417,2,COVINGTON
1418,2,DESOTO
1419,2,FORREST
1420,2,FRANKLIN
1421,2,GEORGE
1422,2,GREENE
1423,2,GRENADA
1424,2,HANCOCK
1425,2,HARRISON
1426,2,HINDS
1427,2,HOLMES
1428,2,HUMPHREYS
1429,2,ISSAQUENA
1430,2,ITAWAMBA
1431,2,JACKSON
1432,2,JASPER
1433,2,JEFFERSON
1434,2,JEFFERSON DAVIS
1435,2,JONES
1436,2,KEMPER
1437,2,LAFAYETTE
1438,2,LAMAR
1439,2,LAUDERDALE
1440,2,LAWRENCE
1441,2,LEAKE
1442,2,LEE
1443,2,LEFLORE
1444,2,LINCOLN
1445,2,LOWNDES
1446,2,MADISON
1447,2,MARION
1448,2,MARSHALL
1449,2,MONROE
1450,2,MONTGOMERY
1451,2,NESHOBA
1452,2,NEWTON
1453,2,NOXUBEE
1454,2,OKTIBBEHA
1455,2,PANOLA
1456,2,PEARL RIVER
1457,2,PERRY
1458,2,PIKE
1459,2,PONTOTOC
1460,2,PRENTISS
1461,2,QUITMAN
1462,2,RANKIN
1463,2,SCOTT
1464,2,SHARKEY
1465,2,SIMPSON
1466,2,SMITH
1467,2,STONE
1468,2,SUNFLOWER
1469,2,TALLAHATCHIE
1470,2,TATE
1471,2,TIPPAH
1472,2,TISHOMINGO
1473,2,TUNICA
1474,2,UNION
1475,2,WALTHALL
1476,2,WARREN
1477,2,WASHINGTON
1478,2,WAYNE
1479,2,WEBSTER
1480,2,WILKINSON
1481,2,WINSTON
1482,2,YALOBUSHA
1483,2,YAZOO
1484,2,ADAIR
1485,2,ANDREW
1486,2,ATCHISON
1487,2,AUDRAIN
1488,2,BARRY
1489,2,BARTON
1490,2,BATES
1491,2,BENTON
1492,2,BOLLINGER
1493,2,BOONE
1494,2,BUCHANAN
1495,2,BUTLER
1496,2,CALDWELL
1497,2,CALLAWAY
1498,2,CAMDEN
1499,2,CAPE GIRARDEAU
1500,2,CARROLL
1501,2,CARTER
1502,2,CASS
1503,2,CEDAR
1504,2,CHARITON
1505,2,CHRISTIAN
1506,2,CLARK
1507,2,CLAY
1508,2,CLINTON
1509,2,COLE
1510,2,COOPER
1511,2,CRAWFORD
1512,2,DADE
1513,2,DALLAS
1514,2,DAVIESS
1515,2,DEKALB
1516,2,DENT
1517,2,DOUGLAS
1518,2,DUNKLIN
1519,2,FRANKLIN
1520,2,GASCONADE
1521,2,GENTRY
1522,2,GREENE
1523,2,GRUNDY
1524,2,HARRISON
1525,2,HENRY
1526,2,HICKORY
1527,2,HOLT
1528,2,HOWARD
1529,2,HOWELL
1530,2,IRON
1531,2,JACKSON
1532,2,JASPER
1533,2,JEFFERSON
1534,2,JOHNSON
1535,2,KNOX
1536,2,LACLEDE
1537,2,LAFAYETTE
1538,2,LAWRENCE
1539,2,LEWIS
1540,2,LINCOLN
1541,2,LINN
1542,2,LIVINGSTON
1543,2,MCDONALD
1544,2,MACON
1545,2,MADISON
1546,2,MARIES
1547,2,MARION
1548,2,MERCER
1549,2,MILLER
1550,2,MISSISSIPPI
1551,2,MONITEAU
1552,2,MONROE
1553,2,MONTGOMERY
1554,2,MORGAN
1555,2,NEW MADRID
1556,2,NEWTON
1557,2,NODAWAY
1558,2,OREGON
1559,2,OSAGE
1560,2,OZARK
1561,2,PEMISCOT
1562,2,PERRY
1563,2,PETTIS
1564,2,PHELPS
1565,2,PIKE
1566,2,PLATTE
1567,2,POLK
1568,2,PULASKI
1569,2,PUTNAM
1570,2,RALLS
1571,2,RANDOLPH
1572,2,RAY
1573,2,REYNOLDS
1574,2,RIPLEY
1575,2,ST. CHARLES
1576,2,ST. CLAIR
1577,2,STE. GENEVIEVE
1578,2,ST. FRANCOIS
1579,2,ST. LOUIS
1580,2,SALINE
1581,2,SCHUYLER
1582,2,SCOTLAND
1583,2,SCOTT
1584,2,SHANNON
1585,2,SHELBY
1586,2,STODDARD
1587,2,STONE
1588,2,SULLIVAN
1589,2,TANEY
1590,2,TEXAS
1591,2,VERNON
1592,2,WARREN
1593,2,WASHINGTON
1594,2,WAYNE
1595,2,WEBSTER
1596,2,WORTH
1597,2,WRIGHT
1598,2,ST. LOUIS
1599,2,BEAVERHEAD
1600,2,BIG HORN
1601,2,BLAINE
1602,2,BROADWATER
1603,2,CARBON
1604,2,CARTER
1605,2,CASCADE
1606,2,CHOUTEAU
1607,2,CUSTER
1608,2,DANIELS
1609,2,DAWSON
1610,2,DEER LODGE
1611,2,FALLON
1612,2,FERGUS
1613,2,FLATHEAD
1614,2,GALLATIN
1615,2,GARFIELD
1616,2,GLACIER
1617,2,GOLDEN VALLEY
1618,2,GRANITE
1619,2,HILL
1620,2,JEFFERSON
1621,2,JUDITH BASIN
1622,2,LAKE
1623,2,LEWIS AND CLARK
1624,2,LIBERTY
1625,2,LINCOLN
1626,2,MCCONE
1627,2,MADISON
1628,2,MEAGHER
1629,2,MINERAL
1630,2,MISSOULA
1631,2,MUSSELSHELL
1632,2,PARK
1633,2,PETROLEUM
1634,2,PHILLIPS
1635,2,PONDERA
1636,2,POWDER RIVER
1637,2,POWELL
1638,2,PRAIRIE
1639,2,RAVALLI
1640,2,RICHLAND
1641,2,ROOSEVELT
1642,2,ROSEBUD
1643,2,SANDERS
1644,2,SHERIDAN
1645,2,SILVER BOW
1646,2,STILLWATER
1647,2,SWEET GRASS
1648,2,TETON
1649,2,TOOLE
1650,2,TREASURE
1651,2,VALLEY
1652,2,WHEATLAND
1653,2,WIBAUX
1654,2,YELLOWSTONE
1655,2,ADAMS
1656,2,ANTELOPE
1657,2,ARTHUR
1658,2,BANNER
1659,2,BLAINE
1660,2,BOONE
1661,2,BOX BUTTE
1662,2,BOYD
1663,2,BROWN
1664,2,BUFFALO
1665,2,BURT
1666,2,BUTLER
1667,2,CASS
1668,2,CEDAR
1669,2,CHASE
1670,2,CHERRY
1671,2,CHEYENNE
1672,2,CLAY
1673,2,COLFAX
1674,2,CUMING
1675,2,CUSTER
1676,2,DAKOTA
1677,2,DAWES
1678,2,DAWSON
1679,2,DEUEL
1680,2,DIXON
1681,2,DODGE
1682,2,DOUGLAS
1683,2,DUNDY
1684,2,FILLMORE
1685,2,FRANKLIN
1686,2,FRONTIER
1687,2,FURNAS
1688,2,GAGE
1689,2,GARDEN
1690,2,GARFIELD
1691,2,GOSPER
1692,2,GRANT
1693,2,GREELEY
1694,2,HALL
1695,2,HAMILTON
1696,2,HARLAN
1697,2,HAYES
1698,2,HITCHCOCK
1699,2,HOLT
1700,2,HOOKER
1701,2,HOWARD
1702,2,JEFFERSON
1703,2,JOHNSON
1704,2,KEARNEY
1705,2,KEITH
1706,2,KEYA PAHA
1707,2,KIMBALL
1708,2,KNOX
1709,2,LANCASTER
1710,2,LINCOLN
1711,2,LOGAN
1712,2,LOUP
1713,2,MCPHERSON
1714,2,MADISON
1715,2,MERRICK
1716,2,MORRILL
1717,2,NANCE
1718,2,NEMAHA
1719,2,NUCKOLLS
1720,2,OTOE
1721,2,PAWNEE
1722,2,PERKINS
1723,2,PHELPS
1724,2,PIERCE
1725,2,PLATTE
1726,2,POLK
1727,2,RED WILLOW
1728,2,RICHARDSON
1729,2,ROCK
1730,2,SALINE
1731,2,SARPY
1732,2,SAUNDERS
1733,2,SCOTTS BLUFF
1734,2,SEWARD
1735,2,SHERIDAN
1736,2,SHERMAN
1737,2,SIOUX
1738,2,STANTON
1739,2,THAYER
1740,2,THOMAS
1741,2,THURSTON
1742,2,VALLEY
1743,2,WASHINGTON
1744,2,WAYNE
1745,2,WEBSTER
1746,2,WHEELER
1747,2,YORK
1748,2,CHURCHILL
1749,2,CLARK
1750,2,DOUGLAS
1751,2,ELKO
1752,2,ESMERALDA
1753,2,EUREKA
1754,2,HUMBOLDT
1755,2,LANDER
1756,2,LINCOLN
1757,2,LYON
1758,2,MINERAL
1759,2,NYE
1760,2,PERSHING
1761,2,STOREY
1762,2,WASHOE
1763,2,WHITE PINE
1764,2,CARSON CITY
1765,2,BELKNAP
1766,2,CARROLL
1767,2,CHESHIRE
1768,2,COOS
1769,2,GRAFTON
1770,2,HILLSBOROUGH
1771,2,MERRIMACK
1772,2,ROCKINGHAM
1773,2,STRAFFORD
1774,2,SULLIVAN
1775,2,ATLANTIC
1776,2,BERGEN
1777,2,BURLINGTON
1778,2,CAMDEN
1779,2,CAPE MAY
1780,2,CUMBERLAND
1781,2,ESSEX
1782,2,GLOUCESTER
1783,2,HUDSON
1784,2,HUNTERDON
1785,2,MERCER
1786,2,MIDDLESEX
1787,2,MONMOUTH
1788,2,MORRIS
1789,2,OCEAN
1790,2,PASSAIC
1791,2,SALEM
1792,2,SOMERSET
1793,2,SUSSEX
1794,2,UNION
1795,2,WARREN
1796,2,BERNALILLO
1797,2,CATRON
1798,2,CHAVES
1799,2,CIBOLA
1800,2,COLFAX
1801,2,CURRY
1802,2,DE BACA
1803,2,DOÑA ANA
1804,2,EDDY
1805,2,GRANT
1806,2,GUADALUPE
1807,2,HARDING
1808,2,HIDALGO
1809,2,LEA
1810,2,LINCOLN
1811,2,LOS ALAMOS
1812,2,LUNA
1813,2,MCKINLEY
1814,2,MORA
1815,2,OTERO
1816,2,QUAY
1817,2,RIO ARRIBA
1818,2,ROOSEVELT
1819,2,SANDOVAL
1820,2,SAN JUAN
1821,2,SAN MIGUEL
1822,2,SANTA FE
1823,2,SIERRA
1824,2,SOCORRO
1825,2,TAOS
1826,2,TORRANCE
1827,2,UNION
1828,2,VALENCIA
1829,2,ALBANY
1830,2,ALLEGANY
1831,2,BRONX
1832,2,BROOME
1833,2,CATTARAUGUS
1834,2,CAYUGA
1835,2,CHAUTAUQUA
1836,2,CHEMUNG
1837,2,CHENANGO
1838,2,CLINTON
1839,2,COLUMBIA
1840,2,CORTLAND
1841,2,DELAWARE
1842,2,DUTCHESS
1843,2,ERIE
1844,2,ESSEX
1845,2,FRANKLIN
1846,2,FULTON
1847,2,GENESEE
1848,2,GREENE
1849,2,HAMILTON
1850,2,HERKIMER
1851,2,JEFFERSON
1852,2,KINGS
1853,2,LEWIS
1854,2,LIVINGSTON
1855,2,MADISON
1856,2,MONROE
1857,2,MONTGOMERY
1858,2,NASSAU
1859,2,NEW YORK
1860,2,NIAGARA
1861,2,ONEIDA
1862,2,ONONDAGA
1863,2,ONTARIO
1864,2,ORANGE
1865,2,ORLEANS
1866,2,OSWEGO
1867,2,OTSEGO
1868,2,PUTNAM
1869,2,QUEENS
1870,2,RENSSELAER
1871,2,RICHMOND
1872,2,ROCKLAND
1873,2,ST. LAWRENCE
1874,2,SARATOGA
1875,2,SCHENECTADY
1876,2,SCHOHARIE
1877,2,SCHUYLER
1878,2,SENECA
1879,2,STEUBEN
1880,2,SUFFOLK
1881,2,SULLIVAN
1882,2,TIOGA
1883,2,TOMPKINS
1884,2,ULSTER
1885,2,WARREN
1886,2,WASHINGTON
1887,2,WAYNE
1888,2,WESTCHESTER
1889,2,WYOMING
1890,2,YATES
1891,2,ALAMANCE
1892,2,ALEXANDER
1893,2,ALLEGHANY
1894,2,ANSON
1895,2,ASHE
1896,2,AVERY
1897,2,BEAUFORT
1898,2,BERTIE
1899,2,BLADEN
1900,2,BRUNSWICK
1901,2,BUNCOMBE
1902,2,BURKE
1903,2,CABARRUS
1904,2,CALDWELL
1905,2,CAMDEN
1906,2,CARTERET
1907,2,CASWELL
1908,2,CATAWBA
1909,2,CHATHAM
1910,2,CHEROKEE
1911,2,CHOWAN
1912,2,CLAY
1913,2,CLEVELAND
1914,2,COLUMBUS
1915,2,CRAVEN
1916,2,CUMBERLAND
1917,2,CURRITUCK
1918,2,DARE
1919,2,DAVIDSON
1920,2,DAVIE
1921,2,DUPLIN
1922,2,DURHAM
1923,2,EDGECOMBE
1924,2,FORSYTH
1925,2,FRANKLIN
1926,2,GASTON
1927,2,GATES
1928,2,GRAHAM
1929,2,GRANVILLE
1930,2,GREENE
1931,2,GUILFORD
1932,2,HALIFAX
1933,2,HARNETT
1934,2,HAYWOOD
1935,2,HENDERSON
1936,2,HERTFORD
1937,2,HOKE
1938,2,HYDE
1939,3,IREDELL
1940,3,JACKSON
1941,3,JOHNSTON
1942,3,JONES
1943,3,LEE
1944,3,LENOIR
1945,3,LINCOLN
1946,3,MCDOWELL
1947,3,MACON
1948,3,MADISON
1949,3,MARTIN
1950,3,MECKLENBURG
1951,3,MITCHELL
1952,3,MONTGOMERY
1953,3,MOORE
1954,3,NASH
1955,3,NEW HANOVER
1956,3,NORTHAMPTON
1957,3,ONSLOW
1958,3,ORANGE
1959,3,PAMLICO
1960,3,PASQUOTANK
1961,3,PENDER
1962,3,PERQUIMANS
1963,3,PERSON
1964,3,PITT
1965,3,POLK
1966,3,RANDOLPH
1967,3,RICHMOND
1968,3,ROBESON
1969,3,ROCKINGHAM
1970,3,ROWAN
1971,3,RUTHERFORD
1972,3,SAMPSON
1973,3,SCOTLAND
1974,3,STANLY
1975,3,STOKES
1976,3,SURRY
1977,3,SWAIN
1978,3,TRANSYLVANIA
1979,3,TYRRELL
1980,3,UNION
1981,3,VANCE
1982,3,WAKE
1983,3,WARREN
1984,3,WASHINGTON
1985,3,WATAUGA
1986,3,WAYNE
1987,3,WILKES
1988,3,WILSON
1989,3,YADKIN
1990,3,YANCEY
1991,3,ADAMS
1992,3,BARNES
1993,3,BENSON
1994,3,BILLINGS
1995,3,BOTTINEAU
1996,3,BOWMAN
1997,3,BURKE
1998,3,BURLEIGH
1999,3,CASS
2000,3,CAVALIER
2001,3,DICKEY
2002,3,DIVIDE
2003,3,DUNN
2004,3,EDDY
2005,3,EMMONS
2006,3,FOSTER
2007,3,GOLDEN VALLEY
2008,3,GRAND FORKS
2009,3,GRANT
2010,3,GRIGGS
2011,3,HETTINGER
2012,3,KIDDER
2013,3,LAMOURE
2014,3,LOGAN
2015,3,MCHENRY
2016,3,MCINTOSH
2017,3,MCKENZIE
2018,3,MCLEAN
2019,3,MERCER
2020,3,MORTON
2021,3,MOUNTRAIL
2022,3,NELSON
2023,3,OLIVER
2024,3,PEMBINA
2025,3,PIERCE
2026,3,RAMSEY
2027,3,RANSOM
2028,3,RENVILLE
2029,3,RICHLAND
2030,3,ROLETTE
2031,3,SARGENT
2032,3,SHERIDAN
2033,3,SIOUX
2034,3,SLOPE
2035,3,STARK
2036,3,STEELE
2037,3,STUTSMAN
2038,3,TOWNER
2039,3,TRAILL
2040,3,WALSH
2041,3,WARD
2042,3,WELLS
2043,3,WILLIAMS
2044,3,ADAMS
2045,3,ALLEN
2046,3,ASHLAND
2047,3,ASHTABULA
2048,3,ATHENS
2049,3,AUGLAIZE
2050,3,BELMONT
2051,3,BROWN
2052,3,BUTLER
2053,3,CARROLL
2054,3,CHAMPAIGN
2055,3,CLARK
2056,3,CLERMONT
2057,3,CLINTON
2058,3,COLUMBIANA
2059,3,COSHOCTON
2060,3,CRAWFORD
2061,3,CUYAHOGA
2062,3,DARKE
2063,3,DEFIANCE
2064,3,DELAWARE
2065,3,ERIE
2066,3,FAIRFIELD
2067,3,FAYETTE
2068,3,FRANKLIN
2069,3,FULTON
2070,3,GALLIA
2071,3,GEAUGA
2072,3,GREENE
2073,3,GUERNSEY
2074,3,HAMILTON
2075,3,HANCOCK
2076,3,HARDIN
2077,3,HARRISON
2078,3,HENRY
2079,3,HIGHLAND
2080,3,HOCKING
2081,3,HOLMES
2082,3,HURON
2083,3,JACKSON
2084,3,JEFFERSON
2085,3,KNOX
2086,3,LAKE
2087,3,LAWRENCE
2088,3,LICKING
2089,3,LOGAN
2090,3,LORAIN
2091,3,LUCAS
2092,3,MADISON
2093,3,MAHONING
2094,3,MARION
2095,3,MEDINA
2096,3,MEIGS
2097,3,MERCER
2098,3,MIAMI
2099,3,MONROE
2100,3,MONTGOMERY
2101,3,MORGAN
2102,3,MORROW
2103,3,MUSKINGUM
2104,3,NOBLE
2105,3,OTTAWA
2106,3,PAULDING
2107,3,PERRY
2108,3,PICKAWAY
2109,3,PIKE
2110,3,PORTAGE
2111,3,PREBLE
2112,3,PUTNAM
2113,3,RICHLAND
2114,3,ROSS
2115,3,SANDUSKY
2116,3,SCIOTO
2117,3,SENECA
2118,3,SHELBY
2119,3,STARK
2120,3,SUMMIT
2121,3,TRUMBULL
2122,3,TUSCARAWAS
2123,3,UNION
2124,3,VAN WERT
2125,3,VINTON
2126,3,WARREN
2127,3,WASHINGTON
2128,3,WAYNE
2129,3,WILLIAMS
2130,3,WOOD
2131,3,WYANDOT
2132,3,ADAIR
2133,3,ALFALFA
2134,3,ATOKA
2135,3,BEAVER
2136,3,BECKHAM
2137,3,BLAINE
2138,3,BRYAN
2139,3,CADDO
2140,3,CANADIAN
2141,3,CARTER
2142,3,CHEROKEE
2143,3,CHOCTAW
2144,3,CIMARRON
2145,3,CLEVELAND
2146,3,COAL
2147,3,COMANCHE
2148,3,COTTON
2149,3,CRAIG
2150,3,CREEK
2151,3,CUSTER
2152,3,DELAWARE
2153,3,DEWEY
2154,3,ELLIS
2155,3,GARFIELD
2156,3,GARVIN
2157,3,GRADY
2158,3,GRANT
2159,3,GREER
2160,3,HARMON
2161,3,HARPER
2162,3,HASKELL
2163,3,HUGHES
2164,3,JACKSON
2165,3,JEFFERSON
2166,3,JOHNSTON
2167,3,KAY
2168,3,KINGFISHER
2169,3,KIOWA
2170,3,LATIMER
2171,3,LE FLORE
2172,3,LINCOLN
2173,3,LOGAN
2174,3,LOVE
2175,3,MCCLAIN
2176,3,MCCURTAIN
2177,3,MCINTOSH
2178,3,MAJOR
2179,3,MARSHALL
2180,3,MAYES
2181,3,MURRAY
2182,3,MUSKOGEE
2183,3,NOBLE
2184,3,NOWATA
2185,3,OKFUSKEE
2186,3,OKLAHOMA
2187,3,OKMULGEE
2188,3,OSAGE
2189,3,OTTAWA
2190,3,PAWNEE
2191,3,PAYNE
2192,3,PITTSBURG
2193,3,PONTOTOC
2194,3,POTTAWATOMIE
2195,3,PUSHMATAHA
2196,3,ROGER MILLS
2197,3,ROGERS
2198,3,SEMINOLE
2199,3,SEQUOYAH
2200,3,STEPHENS
2201,3,TEXAS
2202,3,TILLMAN
2203,3,TULSA
2204,3,WAGONER
2205,3,WASHINGTON
2206,3,WASHITA
2207,3,WOODS
2208,3,WOODWARD
2209,3,BAKER
2210,3,BENTON
2211,3,CLACKAMAS
2212,3,CLATSOP
2213,3,COLUMBIA
2214,3,COOS
2215,3,CROOK
2216,3,CURRY
2217,3,DESCHUTES
2218,3,DOUGLAS
2219,3,GILLIAM
2220,3,GRANT
2221,3,HARNEY
2222,3,HOOD RIVER
2223,3,JACKSON
2224,3,JEFFERSON
2225,3,JOSEPHINE
2226,3,KLAMATH
2227,3,LAKE
2228,3,LANE
2229,3,LINCOLN
2230,3,LINN
2231,3,MALHEUR
2232,3,MARION
2233,3,MORROW
2234,3,MULTNOMAH
2235,3,POLK
2236,3,SHERMAN
2237,3,TILLAMOOK
2238,3,UMATILLA
2239,3,UNION
2240,3,WALLOWA
2241,3,WASCO
2242,3,WASHINGTON
2243,3,WHEELER
2244,3,YAMHILL
2245,3,ADAMS
2246,3,ALLEGHENY
2247,3,ARMSTRONG
2248,3,BEAVER
2249,3,BEDFORD
2250,3,BERKS
2251,3,BLAIR
2252,3,BRADFORD
2253,3,BUCKS
2254,3,BUTLER
2255,3,CAMBRIA
2256,3,CAMERON
2257,3,CARBON
2258,3,CENTRE
2259,3,CHESTER
2260,3,CLARION
2261,3,CLEARFIELD
2262,3,CLINTON
2263,3,COLUMBIA
2264,3,CRAWFORD
2265,3,CUMBERLAND
2266,3,DAUPHIN
2267,3,DELAWARE
2268,3,ELK
2269,3,ERIE
2270,3,FAYETTE
2271,3,FOREST
2272,3,FRANKLIN
2273,3,FULTON
2274,3,GREENE
2275,3,HUNTINGDON
2276,3,INDIANA
2277,3,JEFFERSON
2278,3,JUNIATA
2279,3,LACKAWANNA
2280,3,LANCASTER
2281,3,LAWRENCE
2282,3,LEBANON
2283,3,LEHIGH
2284,3,LUZERNE
2285,3,LYCOMING
2286,3,MCKEAN
2287,3,MERCER
2288,3,MIFFLIN
2289,3,MONROE
2290,3,MONTGOMERY
2291,3,MONTOUR
2292,3,NORTHAMPTON
2293,3,NORTHUMBERLAND
2294,3,PERRY
2295,3,PHILADELPHIA
2296,3,PIKE
2297,3,POTTER
2298,3,SCHUYLKILL
2299,3,SNYDER
2300,3,SOMERSET
2301,3,SULLIVAN
2302,3,SUSQUEHANNA
2303,3,TIOGA
2304,3,UNION
2305,3,VENANGO
2306,3,WARREN
2307,3,WASHINGTON
2308,3,WAYNE
2309,3,WESTMORELAND
2310,3,WYOMING
2311,3,YORK
2312,3,BRISTOL
2313,3,KENT
2314,3,NEWPORT
2315,3,PROVIDENCE
2316,3,WASHINGTON
2317,3,ABBEVILLE
2318,3,AIKEN
2319,3,ALLENDALE
2320,3,ANDERSON
2321,3,BAMBERG
2322,3,BARNWELL
2323,3,BEAUFORT
2324,3,BERKELEY
2325,3,CALHOUN
2326,3,CHARLESTON
2327,3,CHEROKEE
2328,3,CHESTER
2329,3,CHESTERFIELD
2330,3,CLARENDON
2331,3,COLLETON
2332,3,DARLINGTON
2333,3,DILLON
2334,3,DORCHESTER
2335,3,EDGEFIELD
2336,3,FAIRFIELD
2337,3,FLORENCE
2338,3,GEORGETOWN
2339,3,GREENVILLE
2340,3,GREENWOOD
2341,3,HAMPTON
2342,3,HORRY
2343,3,JASPER
2344,3,KERSHAW
2345,3,LANCASTER
2346,3,LAURENS
2347,3,LEE
2348,3,LEXINGTON
2349,3,MCCORMICK
2350,3,MARION
2351,3,MARLBORO
2352,3,NEWBERRY
2353,3,OCONEE
2354,3,ORANGEBURG
2355,3,PICKENS
2356,3,RICHLAND
2357,3,SALUDA
2358,3,SPARTANBURG
2359,3,SUMTER
2360,3,UNION
2361,3,WILLIAMSBURG
2362,3,YORK
2363,3,AURORA
2364,3,BEADLE
2365,3,BENNETT
2366,3,BON HOMME
2367,3,BROOKINGS
2368,3,BROWN
2369,3,BRULE
2370,3,BUFFALO
2371,3,BUTTE
2372,3,CAMPBELL
2373,3,CHARLES MIX
2374,3,CLARK
2375,3,CLAY
2376,3,CODINGTON
2377,3,CORSON
2378,3,CUSTER
2379,3,DAVISON
2380,3,DAY
2381,3,DEUEL
2382,3,DEWEY
2383,3,DOUGLAS
2384,3,EDMUNDS
2385,3,FALL RIVER
2386,3,FAULK
2387,3,GRANT
2388,3,GREGORY
2389,3,HAAKON
2390,3,HAMLIN
2391,3,HAND
2392,3,HANSON
2393,3,HARDING
2394,3,HUGHES
2395,3,HUTCHINSON
2396,3,HYDE
2397,3,JACKSON
2398,3,JERAULD
2399,3,JONES
2400,3,KINGSBURY
2401,3,LAKE
2402,3,LAWRENCE
2403,3,LINCOLN
2404,3,LYMAN
2405,3,MCCOOK
2406,3,MCPHERSON
2407,3,MARSHALL
2408,3,MEADE
2409,3,MELLETTE
2410,3,MINER
2411,3,MINNEHAHA
2412,3,MOODY
2413,3,OGLALA LAKOTA
2414,3,PENNINGTON
2415,3,PERKINS
2416,3,POTTER
2417,3,ROBERTS
2418,3,SANBORN
2419,3,SPINK
2420,3,STANLEY
2421,3,SULLY
2422,3,TODD
2423,3,TRIPP
2424,3,TURNER
2425,3,UNION
2426,3,WALWORTH
2427,3,YANKTON
2428,3,ZIEBACH
2429,3,ANDERSON
2430,3,BEDFORD
2431,3,BENTON
2432,3,BLEDSOE
2433,3,BLOUNT
2434,3,BRADLEY
2435,3,CAMPBELL
2436,3,CANNON
2437,3,CARROLL
2438,3,CARTER
2439,3,CHEATHAM
2440,3,CHESTER
2441,3,CLAIBORNE
2442,3,CLAY
2443,3,COCKE
2444,3,COFFEE
2445,3,CROCKETT
2446,3,CUMBERLAND
2447,3,DAVIDSON
2448,3,DECATUR
2449,3,DEKALB
2450,3,DICKSON
2451,3,DYER
2452,3,FAYETTE
2453,3,FENTRESS
2454,3,FRANKLIN
2455,3,GIBSON
2456,3,GILES
2457,3,GRAINGER
2458,3,GREENE
2459,3,GRUNDY
2460,3,HAMBLEN
2461,3,HAMILTON
2462,3,HANCOCK
2463,3,HARDEMAN
2464,3,HARDIN
2465,3,HAWKINS
2466,3,HAYWOOD
2467,3,HENDERSON
2468,3,HENRY
2469,3,HICKMAN
2470,3,HOUSTON
2471,3,HUMPHREYS
2472,3,JACKSON
2473,3,JEFFERSON
2474,3,JOHNSON
2475,3,KNOX
2476,3,LAKE
2477,3,LAUDERDALE
2478,3,LAWRENCE
2479,3,LEWIS
2480,3,LINCOLN
2481,3,LOUDON
2482,3,MCMINN
2483,3,MCNAIRY
2484,3,MACON
2485,3,MADISON
2486,3,MARION
2487,3,MARSHALL
2488,3,MAURY
2489,3,MEIGS
2490,3,MONROE
2491,3,MONTGOMERY
2492,3,MOORE
2493,3,MORGAN
2494,3,OBION
2495,3,OVERTON
2496,3,PERRY
2497,3,PICKETT
2498,3,POLK
2499,3,PUTNAM
2500,3,RHEA
2501,3,ROANE
2502,3,ROBERTSON
2503,3,RUTHERFORD
2504,3,SCOTT
2505,3,SEQUATCHIE
2506,3,SEVIER
2507,3,SHELBY
2508,3,SMITH
2509,3,STEWART
2510,3,SULLIVAN
2511,3,SUMNER
2512,3,TIPTON
2513,3,TROUSDALE
2514,3,UNICOI
2515,3,UNION
2516,3,VAN BUREN
2517,3,WARREN
2518,3,WASHINGTON
2519,3,WAYNE
2520,3,WEAKLEY
2521,3,WHITE
2522,3,WILLIAMSON
2523,3,WILSON
2524,3,ANDERSON
2525,3,ANDREWS
2526,3,ANGELINA
2527,3,ARANSAS
2528,3,ARCHER
2529,3,ARMSTRONG
2530,3,ATASCOSA
2531,3,AUSTIN
2532,3,BAILEY
2533,3,BANDERA
2534,3,BASTROP
2535,3,BAYLOR
2536,3,BEE
2537,3,BELL
2538,3,BEXAR
2539,3,BLANCO
2540,3,BORDEN
2541,3,BOSQUE
2542,3,BOWIE
2543,3,BRAZORIA
2544,3,BRAZOS
2545,3,BREWSTER
2546,3,BRISCOE
2547,3,BROOKS
2548,3,BROWN
2549,3,BURLESON
2550,3,BURNET
2551,3,CALDWELL
2552,3,CALHOUN
2553,3,CALLAHAN
2554,3,CAMERON
2555,3,CAMP
2556,3,CARSON
2557,3,CASS
2558,3,CASTRO
2559,3,CHAMBERS
2560,3,CHEROKEE
2561,3,CHILDRESS
2562,3,CLAY
2563,3,COCHRAN
2564,3,COKE
2565,3,COLEMAN
2566,3,COLLIN
2567,3,COLLINGSWORTH
2568,3,COLORADO
2569,3,COMAL
2570,3,COMANCHE
2571,3,CONCHO
2572,3,COOKE
2573,3,CORYELL
2574,3,COTTLE
2575,3,CRANE
2576,3,CROCKETT
2577,3,CROSBY
2578,3,CULBERSON
2579,3,DALLAM
2580,3,DALLAS
2581,3,DAWSON
2582,3,DEAF SMITH
2583,3,DELTA
2584,3,DENTON
2585,3,DEWITT
2586,4,DICKENS
2587,4,DIMMIT
2588,4,DONLEY
2589,4,DUVAL
2590,4,EASTLAND
2591,4,ECTOR
2592,4,EDWARDS
2593,4,ELLIS
2594,4,EL PASO
2595,4,ERATH
2596,4,FALLS
2597,4,FANNIN
2598,4,FAYETTE
2599,4,FISHER
2600,4,FLOYD
2601,4,FOARD
2602,4,FORT BEND
2603,4,FRANKLIN
2604,4,FREESTONE
2605,4,FRIO
2606,4,GAINES
2607,4,GALVESTON
2608,4,GARZA
2609,4,GILLESPIE
2610,4,GLASSCOCK
2611,4,GOLIAD
2612,4,GONZALES
2613,4,GRAY
2614,4,GRAYSON
2615,4,GREGG
2616,4,GRIMES
2617,4,GUADALUPE
2618,4,HALE
2619,4,HALL
2620,4,HAMILTON
2621,4,HANSFORD
2622,4,HARDEMAN
2623,4,HARDIN
2624,4,HARRIS
2625,4,HARRISON
2626,4,HARTLEY
2627,4,HASKELL
2628,4,HAYS
2629,4,HEMPHILL
2630,4,HENDERSON
2631,4,HIDALGO
2632,4,HILL
2633,4,HOCKLEY
2634,4,HOOD
2635,4,HOPKINS
2636,4,HOUSTON
2637,4,HOWARD
2638,4,HUDSPETH
2639,4,HUNT
2640,4,HUTCHINSON
2641,4,IRION
2642,4,JACK
2643,4,JACKSON
2644,4,JASPER
2645,4,JEFF DAVIS
2646,4,JEFFERSON
2647,4,JIM HOGG
2648,4,JIM WELLS
2649,4,JOHNSON
2650,4,JONES
2651,4,KARNES
2652,4,KAUFMAN
2653,4,KENDALL
2654,4,KENEDY
2655,4,KENT
2656,4,KERR
2657,4,KIMBLE
2658,4,KING
2659,4,KINNEY
2660,4,KLEBERG
2661,4,KNOX
2662,4,LAMAR
2663,4,LAMB
2664,4,LAMPASAS
2665,4,LA SALLE
2666,4,LAVACA
2667,4,LEE
2668,4,LEON
2669,4,LIBERTY
2670,4,LIMESTONE
2671,4,LIPSCOMB
2672,4,LIVE OAK
2673,4,LLANO
2674,4,LOVING
2675,4,LUBBOCK
2676,4,LYNN
2677,4,MCCULLOCH
2678,4,MCLENNAN
2679,4,MCMULLEN
2680,4,MADISON
2681,4,MARION
2682,4,MARTIN
2683,4,MASON
2684,4,MATAGORDA
2685,4,MAVERICK
2686,4,MEDINA
2687,4,MENARD
2688,4,MIDLAND
2689,4,MILAM
2690,4,MILLS
2691,4,MITCHELL
2692,4,MONTAGUE
2693,4,MONTGOMERY
2694,4,MOORE
2695,4,MORRIS
2696,4,MOTLEY
2697,4,NACOGDOCHES
2698,4,NAVARRO
2699,4,NEWTON
2700,4,NOLAN
2701,4,NUECES
2702,4,OCHILTREE
2703,4,OLDHAM
2704,4,ORANGE
2705,4,PALO PINTO
2706,4,PANOLA
2707,4,PARKER
2708,4,PARMER
2709,4,PECOS
2710,4,POLK
2711,4,POTTER
2712,4,PRESIDIO
2713,4,RAINS
2714,4,RANDALL
2715,4,REAGAN
2716,4,REAL
2717,4,RED RIVER
2718,4,REEVES
2719,4,REFUGIO
2720,4,ROBERTS
2721,4,ROBERTSON
2722,4,ROCKWALL
2723,4,RUNNELS
2724,4,RUSK
2725,4,SABINE
2726,4,SAN AUGUSTINE
2727,4,SAN JACINTO
2728,4,SAN PATRICIO
2729,4,SAN SABA
2730,4,SCHLEICHER
2731,4,SCURRY
2732,4,SHACKELFORD
2733,4,SHELBY
2734,4,SHERMAN
2735,4,SMITH
2736,4,SOMERVELL
2737,4,STARR
2738,4,STEPHENS
2739,4,STERLING
2740,4,STONEWALL
2741,4,SUTTON
2742,4,SWISHER
2743,4,TARRANT
2744,4,TAYLOR
2745,4,TERRELL
2746,4,TERRY
2747,4,THROCKMORTON
2748,4,TITUS
2749,4,TOM GREEN
2750,4,TRAVIS
2751,4,TRINITY
2752,4,TYLER
2753,4,UPSHUR
2754,4,UPTON
2755,4,UVALDE
2756,4,VAL VERDE
2757,4,VAN ZANDT
2758,4,VICTORIA
2759,4,WALKER
2760,4,WALLER
2761,4,WARD
2762,4,WASHINGTON
2763,4,WEBB
2764,4,WHARTON
2765,4,WHEELER
2766,4,WICHITA
2767,4,WILBARGER
2768,4,WILLACY
2769,4,WILLIAMSON
2770,4,WILSON
2771,4,WINKLER
2772,4,WISE
2773,4,WOOD
2774,4,YOAKUM
2775,4,YOUNG
2776,4,ZAPATA
2777,4,ZAVALA
2778,4,BEAVER
2779,4,BOX ELDER
2780,4,CACHE
2781,4,CARBON
2782,4,DAGGETT
2783,4,DAVIS
2784,4,DUCHESNE
2785,4,EMERY
2786,4,GARFIELD
2787,4,GRAND
2788,4,IRON
2789,4,JUAB
2790,4,KANE
2791,4,MILLARD
2792,4,MORGAN
2793,4,PIUTE
2794,4,RICH
2795,4,SALT LAKE
2796,4,SAN JUAN
2797,4,SANPETE
2798,4,SEVIER
2799,4,SUMMIT
2800,4,TOOELE
2801,4,UINTAH
2802,4,UTAH
2803,4,WASATCH
2804,4,WASHINGTON
2805,4,WAYNE
2806,4,WEBER
2807,4,ADDISON
2808,4,BENNINGTON
2809,4,CALEDONIA
2810,4,CHITTENDEN
2811,4,ESSEX
2812,4,FRANKLIN
2813,4,GRAND ISLE
2814,4,LAMOILLE
2815,4,ORANGE
2816,4,ORLEANS
2817,4,RUTLAND
2818,4,WASHINGTON
2819,4,WINDHAM
2820,4,WINDSOR
2821,4,ACCOMACK
2822,4,ALBEMARLE
2823,4,ALLEGHANY
2824,4,AMELIA
2825,4,AMHERST
2826,4,APPOMATTOX
2827,4,ARLINGTON
2828,4,AUGUSTA
2829,4,BATH
2830,4,BEDFORD
2831,4,BLAND
2832,4,BOTETOURT
2833,4,BRUNSWICK
2834,4,BUCHANAN
2835,4,BUCKINGHAM
2836,4,CAMPBELL
2837,4,CAROLINE
2838,4,CARROLL
2839,4,CHARLES CITY
2840,4,CHARLOTTE
2841,4,CHESTERFIELD
2842,4,CLARKE
2843,4,CRAIG
2844,4,CULPEPER
2845,4,CUMBERLAND
2846,4,DICKENSON
2847,4,DINWIDDIE
2848,4,ESSEX
2849,4,FAIRFAX
2850,4,FAUQUIER
2851,4,FLOYD
2852,4,FLUVANNA
2853,4,FRANKLIN
2854,4,FREDERICK
2855,4,GILES
2856,4,GLOUCESTER
2857,4,GOOCHLAND
2858,4,GRAYSON
2859,4,GREENE
2860,4,GREENSVILLE
2861,4,HALIFAX
2862,4,HANOVER
2863,4,HENRICO
2864,4,HENRY
2865,4,HIGHLAND
2866,4,ISLE OF WIGHT
2867,4,JAMES CITY
2868,4,KING AND QUEEN
2869,4,KING GEORGE
2870,4,KING WILLIAM
2871,4,LANCASTER
2872,4,LEE
2873,4,LOUDOUN
2874,4,LOUISA
2875,4,LUNENBURG
2876,4,MADISON
2877,4,MATHEWS
2878,4,MECKLENBURG
2879,4,MIDDLESEX
2880,4,MONTGOMERY
2881,4,NELSON
2882,4,NEW KENT
2883,4,NORTHAMPTON
2884,4,NORTHUMBERLAND
2885,4,NOTTOWAY
2886,4,ORANGE
2887,4,PAGE
2888,4,PATRICK
2889,4,PITTSYLVANIA
2890,4,POWHATAN
2891,4,PRINCE EDWARD
2892,4,PRINCE GEORGE
2893,4,PRINCE WILLIAM
2894,4,PULASKI
2895,4,RAPPAHANNOCK
2896,4,RICHMOND
2897,4,ROANOKE
2898,4,ROCKBRIDGE
2899,4,ROCKINGHAM
2900,4,RUSSELL
2901,4,SCOTT
2902,4,SHENANDOAH
2903,4,SMYTH
2904,4,SOUTHAMPTON
2905,4,SPOTSYLVANIA
2906,4,STAFFORD
2907,4,SURRY
2908,4,SUSSEX
2909,4,TAZEWELL
2910,4,WARREN
2911,4,WASHINGTON
2912,4,WESTMORELAND
2913,4,WISE
2914,4,WYTHE
2915,4,YORK
2916,4,ALEXANDRIA
2917,4,BRISTOL
2918,4,BUENA VISTA
2919,4,CHARLOTTESVILLE
2920,4,CHESAPEAKE
2921,4,COLONIAL HEIGHTS
2922,4,COVINGTON
2923,4,DANVILLE
2924,4,EMPORIA
2925,4,FAIRFAX
2926,4,FALLS CHURCH
2927,4,FRANKLIN
2928,4,FREDERICKSBURG
2929,4,GALAX
2930,4,HAMPTON
2931,4,HARRISONBURG
2932,4,HOPEWELL
2933,4,LEXINGTON
2934,4,LYNCHBURG
2935,4,MANASSAS
2936,4,MANASSAS PARK
2937,4,MARTINSVILLE
2938,4,NEWPORT NEWS
2939,4,NORFOLK
2940,4,NORTON
2941,4,PETERSBURG
2942,4,POQUOSON
2943,4,PORTSMOUTH
2944,4,RADFORD
2945,4,RICHMOND
2946,4,ROANOKE
2947,4,SALEM
2948,4,STAUNTON
2949,4,SUFFOLK
2950,4,VIRGINIA BEACH
2951,4,WAYNESBORO
2952,4,WILLIAMSBURG
2953,4,WINCHESTER
2954,4,ADAMS
2955,4,ASOTIN
2956,4,BENTON
2957,4,CHELAN
2958,4,CLALLAM
2959,4,CLARK
2960,4,COLUMBIA
2961,4,COWLITZ
2962,4,DOUGLAS
2963,4,FERRY
2964,4,FRANKLIN
2965,4,GARFIELD
2966,4,GRANT
2967,4,GRAYS HARBOR
2968,4,ISLAND
2969,4,JEFFERSON
2970,4,KING
2971,4,KITSAP
2972,4,KITTITAS
2973,4,KLICKITAT
2974,4,LEWIS
2975,4,LINCOLN
2976,4,MASON
2977,4,OKANOGAN
2978,4,PACIFIC
2979,4,PEND OREILLE
2980,4,PIERCE
2981,4,SAN JUAN
2982,4,SKAGIT
2983,4,SKAMANIA
2984,4,SNOHOMISH
2985,4,SPOKANE
2986,4,STEVENS
2987,4,THURSTON
2988,4,WAHKIAKUM
2989,4,WALLA WALLA
2990,4,WHATCOM
2991,4,WHITMAN
2992,4,YAKIMA
2993,4,BARBOUR
2994,4,BERKELEY
2995,4,BOONE
2996,4,BRAXTON
2997,4,BROOKE
2998,4,CABELL
2999,4,CALHOUN
3000,4,CLAY
3001,4,DODDRIDGE
3002,4,FAYETTE
3003,4,GILMER
3004,4,GRANT
3005,4,GREENBRIER
3006,4,HAMPSHIRE
3007,4,HANCOCK
3008,4,HARDY
3009,4,HARRISON
3010,4,JACKSON
3011,4,JEFFERSON
3012,4,KANAWHA
3013,4,LEWIS
3014,4,LINCOLN
3015,4,LOGAN
3016,4,MCDOWELL
3017,4,MARION
3018,4,MARSHALL
3019,4,MASON
3020,4,MERCER
3021,4,MINERAL
3022,4,MINGO
3023,4,MONONGALIA
3024,4,MONROE
3025,4,MORGAN
3026,4,NICHOLAS
3027,4,OHIO
3028,4,PENDLETON
3029,4,PLEASANTS
3030,4,POCAHONTAS
3031,4,PRESTON
3032,4,PUTNAM
3033,4,RALEIGH
3034,4,RANDOLPH
3035,4,RITCHIE
3036,4,ROANE
3037,4,SUMMERS
3038,4,TAYLOR
3039,4,TUCKER
3040,4,TYLER
3041,4,UPSHUR
3042,4,WAYNE
3043,4,WEBSTER
3044,4,WETZEL
3045,4,WIRT
3046,4,WOOD
3047,4,WYOMING
3048,4,ADAMS
3049,4,ASHLAND
3050,4,BARRON
3051,4,BAYFIELD
3052,4,BROWN
3053,4,BUFFALO
3054,4,BURNETT
3055,4,CALUMET
3056,4,CHIPPEWA
3057,4,CLARK
3058,4,COLUMBIA
3059,4,CRAWFORD
3060,4,DANE
3061,4,DODGE
3062,4,DOOR
3063,4,DOUGLAS
3064,4,DUNN
3065,4,EAU CLAIRE
3066,4,FLORENCE
3067,4,FOND DU LAC
3068,4,FOREST
3069,4,GRANT
3070,4,GREEN
3071,4,GREEN LAKE
3072,4,IOWA
3073,4,IRON
3074,4,JACKSON
3075,4,JEFFERSON
3076,4,JUNEAU
3077,4,KENOSHA
3078,4,KEWAUNEE
3079,4,LA CROSSE
3080,4,LAFAYETTE
3081,4,LANGLADE
3082,4,LINCOLN
3083,4,MANITOWOC
3084,4,MARATHON
3085,4,MARINETTE
3086,4,MARQUETTE
3087,4,MENOMINEE
3088,4,MILWAUKEE
3089,4,MONROE
3090,4,OCONTO
3091,4,ONEIDA
3092,4,OUTAGAMIE
3093,4,OZAUKEE
3094,4,PEPIN
3095,4,PIERCE
3096,4,POLK
3097,4,PORTAGE
3098,4,PRICE
3099,4,RACINE
3100,4,RICHLAND
3101,4,ROCK
3102,4,RUSK
3103,4,ST. CROIX
3104,4,SAUK
3105,4,SAWYER
3106,4,SHAWANO
3107,4,SHEBOYGAN
3108,4,TAYLOR
3109,4,TREMPEALEAU
3110,4,VERNON
3111,4,VILAS
3112,4,WALWORTH
3113,4,WASHBURN
3114,4,WASHINGTON
3115,4,WAUKESHA
3116,4,WAUPACA
3117,4,WAUSHARA
3118,4,WINNEBAGO
3119,4,WOOD
3120,4,ALBANY
3121,4,BIG HORN
3122,4,CAMPBELL
3123,4,CARBON
3124,4,CONVERSE
3125,4,CROOK
3126,4,FREMONT
3127,4,GOSHEN
3128,4,HOT SPRINGS
3129,4,JOHNSON
3130,4,LARAMIE
3131,4,LINCOLN
3132,4,NATRONA
3133,4,NIOBRARA
3134,4,PARK
3135,4,PLATTE
3136,4,SHERIDAN
3137,4,SUBLETTE
3138,4,SWEETWATER
3139,4,TETON
3140,4,UINTA
3141,4,WASHAKIE
3142,4,WESTON
3143,4,EASTERN
3144,4,MANU'A
3145,4,WESTERN
3146,4,GUAM
3147,4,ROTA
3148,4,SAIPAN
3149,4,TINIAN
3150,4,ADJUNTAS
3151,4,AGUADA
3152,4,AGUADILLA
3153,4,AGUAS BUENAS
3154,4,AIBONITO
3155,4,AÑASCO
3156,4,ARECIBO
3157,4,ARROYO
3158,4,BARCELONETA
3159,4,BARRANQUITAS
3160,4,BAYAMÓN
3161,4,CABO ROJO
3162,4,CAGUAS
3163,4,CAMUY
3164,4,CANÓVANAS
3165,4,CAROLINA
3166,4,CATAÑO
3167,4,CAYEY
3168,4,CEIBA
3169,4,CIALES
3170,4,CIDRA
3171,4,COAMO
3172,4,COMERÍO
3173,4,COROZAL
3174,4,CULEBRA
3175,4,DORADO
3176,4,FAJARDO
3177,4,FLORIDA
3178,4,GUÁNICA
3179,4,GUAYAMA
3180,4,GUAYANILLA
3181,4,GUAYNABO
3182,4,GURABO
3183,4,HATILLO
3184,4,HORMIGUEROS
3185,4,HUMACAO
3186,4,ISABELA
3187,4,JAYUYA
3188,4,JUANA DÍAZ
3189,4,JUNCOS
3190,4,LAJAS
3191,4,LARES
3192,4,LAS MARÍAS
3193,4,LAS PIEDRAS
3194,4,LOÍZA
3195,4,LUQUILLO
3196,4,MANATÍ
3197,4,MARICAO
3198,4,MAUNABO
3199,4,MAYAGÜEZ
3200,4,MOCA
3201,4,MOROVIS
3202,4,NAGUABO
3203,4,NARANJITO
3204,4,OROCOVIS
3205,4,PATILLAS
3206,4,PEÑUELAS
3207,4,PONCE
3208,4,QUEBRADILLAS
3209,4,RINCÓN
3210,4,RÍO GRANDE
3211,4,SABANA GRANDE
3212,4,SALINAS
3213,4,SAN GERMÁN
3214,4,SAN JUAN
3215,4,SAN LORENZO
3216,4,SAN SEBASTIÁN
3217,4,SANTA ISABEL
3218,4,TOA ALTA
3219,4,TOA BAJA
3220,4,TRUJILLO ALTO
3221,4,UTUADO
3222,4,VEGA ALTA
3223,4,VEGA BAJA
3224,4,VIEQUES
3225,4,VILLALBA
3226,4,YABUCOA
3227,4,YAUCO
3228,4,ST. CROIX
3229,4,ST. JOHN
3230,4,ST. THOMAS
